"ID","Product Name","Product ID","Reviewer Name","Review Date","Review","Review Sentiment"
"R3gF8i2n","PowerFlex Resistance Bands","PFRB-015","Zoe Phillips","2024-01-01","The HeatWave Electric Blanket keeps me",
"e9A2Lk7p","TurboCharge Power Bank","TCPB-010","Olivia Garcia","2024-01-01","Still impressed with the durability of the SnugFit Phone Holder. It's been through a lot of road trips and still holds up perfectly.",
"K4zP5r6f","SnugFit Phone Holder","SFPH-007","Isabella Rodriguez","2024-01-01","PowerFlex Resistance Bands are durable and versatile, providing a challenging workout for users of all fitness levels.",
"sT3qV0bF","TrueTaste Blender Bottle","TTBB-019","Dylan Walker","2024-01-01","TurboCharge Power Bank is my go-to for keeping my devices powered up when I'm on the move.",
"H1wS6dNv","PowerFlex Resistance Bands","PFRB-015","Sarah Johnson","2024-01-02","NovaChill Cooler Bag is spacious and keeps my drinks cold for hours during picnics. It's durable and easy to carry with the shoulder strap.",
"j5yG2tIa","SnugFit Phone Holder","SFPH-007","Ryan Scott","2024-01-02","The EnerGym Smart Fitness Band is a great motivator for staying active throughout the day. It accurately tracks my steps and workouts.",
"x8hD9uQo","EnerGym Smart Fitness Band","EGSFB-005","Emma White","2024-01-02","SnugFit Phone Holder keeps my phone secure while driving, allowing me to focus on the road.",
"Z6cV7mJr","SnugFit Phone Holder","SFPH-007","Michael Smith","2024-01-02","TrueTaste Blender Bottle mixes my protein shakes smoothly, and the cap seals tightly to prevent leaks.",
"L0oW3eRi","EnerGym Smart Fitness Band","EGSFB-005","Sarah Johnson","2024-01-04","These headphones are amazing! The sound quality is top-notch and the design is sleek. Highly recommend.",
"F9mQ1xPz","TurboCharge Power Bank","TCPB-010","Emily Wong","2024-01-04","This desk is a game-changer for my home office setup. The adjustable height is perfect for standing or sitting, very sturdy.",
"k6jX5bVt","PowerFlex Resistance Bands","PFRB-015","Jacob Hernandez","2024-01-05","SoundSoothe White Noise Machine has improved my sleep quality significantly. Soothing sounds help me relax and fall asleep faster.",
"N7gZ9oYl","PowerFlex Resistance Bands","PFRB-015","Ava Johnson","2024-01-05","SwiftSip Travel Mug keeps my drinks hot for hours, which is perfect for my long commutes.",
"B2pA8rKf","NovaChill Cooler Bag","NCCB-023","Liam Thomas","2024-01-06","This power bank is a lifesaver when I'm on the go. Charges my phone quickly and holds plenty of juice.",
"C4tF1wSq","SnugFit Phone Holder","SFPH-007","David Miller","2024-01-08","Another great purchase from ZenAir! The aroma from this diffuser helps me unwind after a long day.",
"W3vH9lUo","NovaChill Cooler Bag","NCCB-023","Noah Anderson","2024-01-08","Switched to BioFresh Organic Soap and my skin feels healthier than ever. Plus, it's eco-friendly which is a big bonus.",
"i0eR7nQm","SnugFit Phone Holder","SFPH-007","Michael Smith","2024-01-08","Still loving my FlexiFit Adjustable Desk! It's durable and spacious, making it perfect for my work-from-home setup.",
"d4sK8yNc","EnerGym Smart Fitness Band","EGSFB-005","Ethan Cooper","2024-01-08","The PowerFlex Resistance Bands offer great resistance levels for various exercises. They're durable and perfect for home workouts.",
"q2rY6pFx","NovaChill Cooler Bag","NCCB-023","Daniel Brown","2024-01-09","My SleepEase Memory Foam Pillow has retained its shape and comfort over time. Highly recommend for anyone struggling with neck pain.",
"O9zA1uHj","TrueTaste Blender Bottle","TTBB-019","Chloe Hall","2024-01-09","CleanSweep Robot Vacuum is a time-saver! It keeps my floors spotless without any effort on my part.",
"T6lP4kBg","PowerFlex Resistance Bands","PFRB-015","Olivia Garcia","2024-01-10","BioFresh Organic Soap smells divine and leaves my skin feeling refreshed. I love that it's made from natural ingredients.",
"u5iN3dVx","EnerGym Smart Fitness Band","EGSFB-005","Ava Martinez","2024-01-10","The LuxeTech Wireless Headphones are incredibly comfortable, and the sound quality is superb.",
"M7wG4hJo","EnerGym Smart Fitness Band","EGSFB-005","Isabella Rodriguez","2024-01-11","The ArcticBlast Portable Fan is my go-to for hot summer days. It's compact, yet powerful enough to keep me cool wherever I am.",
"V8jQ1xLb","SnugFit Phone Holder","SFPH-007","Sophia Lee","2024-01-11","AquaFresh Water Filter has made a noticeable difference in the taste and quality of my tap water. It's easy to install and maintain.",
"a3fZ6yTs","TurboCharge Power Bank","TCPB-010","Ava Taylor","2024-01-11","SummitPeak Camping Tent is durable and spacious, making it perfect for outdoor adventures.",
"X0rU5gDe","NovaChill Cooler Bag","NCCB-023","Olivia Lewis","2024-01-12","The AquaCleanse Water Purifier removes impurities and odors, ensuring I have access to clean drinking water wherever I go.",
"Y4cW9oHm","HeatWave Electric Blanket","HWEB-028","Emma White","2024-01-12","I've significantly reduced my plastic waste by using EcoCycle Reusable Straws. They're sturdy and easy to clean.",
"e8vS7wKz","SnugFit Phone Holder","SFPH-007","Jessica Thompson","2024-01-13","This fitness band tracks my steps accurately and motivates me to stay active. The battery life is impressive too.",
"h1jP5mFr","EnerGym Smart Fitness Band","EGSFB-005","Noah Anderson","2024-01-14","BioFresh Organic Soap smells amazing and leaves my skin feeling soft and nourished. Plus, it's eco-friendly!",
"R9xN2dVi","SnugFit Phone Holder","SFPH-007","Ethan Cooper","2024-01-14","The FlexiTrack Exercise Mat provides excellent cushioning for my workouts. Easy to clean and doesn't slip on hardwood floors.",
"F2oR1wLt","TrueTaste Blender Bottle","TTBB-019","Isabella Rodriguez","2024-01-14","The BlazePro Portable Grill is a game-changer for outdoor cooking. It's compact, easy to use, and cooks food evenly every time.",
"n7gB5sHj","HeatWave Electric Blanket","HWEB-028","Dylan Walker","2024-01-14","The FlexiTrack Exercise Mat provides excellent cushioning for my workouts. It's durable and stays in place on hardwood floors.",
"o0lA6tYq","PowerFlex Resistance Bands","PFRB-015","Sophia Lee","2024-01-14","The ArcticBlast Portable Fan has been a lifesaver during hot summer days. It's powerful yet quiet, making it perfect for home or office use.",
"m3tC1zHk","EnerGym Smart Fitness Band","EGSFB-005","Mia Nguyen","2024-01-15","I can't imagine working without my FlexiFit Adjustable Desk now. It's versatile and spacious.",
"s8yX2fJr","TurboCharge Power Bank","TCPB-010","Emily Wilson","2024-01-15","SoundSoothe White Noise Machine helps me relax and sleep better by masking background noises.",
"j6zQ4lSv","HeatWave Electric Blanket","HWEB-028","Lucas Hall","2024-01-16","The SwiftSip Travel Mug keeps my coffee hot for hours. The leak-proof design makes it ideal for commuting.",
"t9yF1iUx","HeatWave Electric Blanket","HWEB-028","Lily Adams","2024-01-16","TrueTaste Blender Bottle is a staple in my gym bag. No leaks and mixes my protein shakes smoothly every time.",
"v4hD0oAr","SnugFit Phone Holder","SFPH-007","Benjamin Kim","2024-01-16","LuxeTech Wireless Headphones deliver exceptional sound quality with a comfortable fit. Perfect for long listening sessions.",
"p3dF6vXs","SnugFit Phone Holder","SFPH-007","Lily Adams","2024-01-17","Finally found a blender bottle that doesn't leak! The TrueTaste Blender Bottle mixes my protein shakes smoothly without any clumps.",
"q5cZ9oTb","EnerGym Smart Fitness Band","EGSFB-005","Liam Thomas","2024-01-17","NovaChill Cooler Bag is spacious and keeps my beverages cold during outdoor adventures.",
"z7kP8rGw","NovaChill Cooler Bag","NCCB-023","Daniel Brown","2024-01-17","The SleepSound Sleep Mask is a game-changer for light sleepers like me. It blocks out all light, allowing me to sleep deeply.",
"W6oM1fYx","TurboCharge Power Bank","TCPB-010","Zoe Phillips","2024-01-18","The SwiftSip Travel Mug keeps my coffee hot for hours. Its leak-proof design makes it perfect for carrying in my bag during commutes.",
"X3rA5gPv","NovaChill Cooler Bag","NCCB-023","Mia Nguyen","2024-01-18","AquaFresh Water Filter has improved the taste of my tap water significantly. Installation was straightforward, and it works like a charm.",
"Y2cN6hDo","NovaChill Cooler Bag","NCCB-023","Lucas Hall","2024-01-18","BlazePro Portable Grill is compact yet powerful, making it ideal for camping trips and picnics.",
"Z9tB7jSi","HeatWave Electric Blanket","HWEB-028","Emma White","2024-01-20","I'm reducing plastic waste with EcoCycle Reusable Straws. They're durable, easy to clean, and come in fun colors.",
"a4fQ8iWp","SnugFit Phone Holder","SFPH-007","Olivia Garcia","2024-01-20","The SleepEase Memory Foam Pillow has improved my sleep quality immensely. It provides excellent support for my neck and shoulders.",
"b6vR1wOy","SnugFit Phone Holder","SFPH-007","David Miller","2024-01-22","The ZenAir diffuser has transformed my living space. The aroma is soothing and the changing lights create a relaxing ambiance.",
"c0eT9uNx","SnugFit Phone Holder","SFPH-007","Ryan Scott","2024-01-22","I've significantly reduced my plastic waste by using EcoCycle Reusable Straws. They're sturdy and easy to clean.",
"d8sL3qBm","PowerFlex Resistance Bands","PFRB-015","Noah Anderson","2024-01-22","AquaCleanse Water Purifier ensures I have access to clean drinking water at home all the time.",
"e7gJ4kVf","TrueTaste Blender Bottle","TTBB-019","Ethan Cooper","2024-01-23","FlexiTrack Exercise Mat is still going strong after intense workouts. Comfortable and durable, exactly what I need for my home gym.",
"f9zH2dQo","TrueTaste Blender Bottle","TTBB-019","Ava Taylor","2024-01-23","TrueTaste Blender Bottle has simplified my post-workout routine. It blends protein shakes smoothly, and the cap doesn't leak.",
"g1yK5bPl","TurboCharge Power Bank","TCPB-010","Sophia Lee","2024-01-24","Spacious, easy to set up, and durable. The SummitPeak Camping Tent is perfect for outdoor adventures with friends and family.",
"h0jC4vGx","NovaChill Cooler Bag","NCCB-023","Isabella Rodriguez","2024-01-24","The ArcticBlast Portable Fan is a must-have for staying cool during the summer months. Compact yet powerful, it's perfect for travel.",
"i3pM6fRs","HeatWave Electric Blanket","HWEB-028","Harper Turner","2024-01-25","AquaFresh Water Filter has improved the taste of my tap water, and I love the eco-friendly aspect.",
"j8xS7wOn","SnugFit Phone Holder","SFPH-007","Dylan Walker","2024-01-26","These running shoes are lightweight and provide excellent support. The breathable material keeps my feet comfortable on long runs.",
"k4cP5rJt","TurboCharge Power Bank","TCPB-010","Olivia Lewis","2024-01-27","Couldn't be happier with my AquaCleanse Water Purifier. Easy to install and provides clean, great-tasting water every time.",
"l2vZ9oHm","TrueTaste Blender Bottle","TTBB-019","Jessica Thompson","2024-01-28","Can't imagine my workouts without the EnerGym Smart Fitness Band now. It's become an essential part of my fitness routine.",
"m5tA1uWj","TurboCharge Power Bank","TCPB-010","Ethan Cooper","2024-01-29","The AquaGlow Smart Water Bottle is a game-changer for staying hydrated on busy days.",
"n9qF8iXc","TrueTaste Blender Bottle","TTBB-019","Olivia Lewis","2024-01-29","GlowGear LED Flashlight is compact yet bright, making it a must-have for emergencies and camping.",
"o6kG3hLb","TurboCharge Power Bank","TCPB-010","Emma White","2024-01-30","BioFresh Organic Soap has become a staple in my skincare routine. It's gentle on the skin and has a refreshing scent that I adore.",
"p1fD7gMv","TrueTaste Blender Bottle","TTBB-019","Ava Taylor","2024-01-30","The SnugFit Phone Holder is a must-have for anyone who spends time driving. It keeps my phone secure and within easy reach.",
"q3rV2bFz","TrueTaste Blender Bottle","TTBB-019","Adam Wilson","2024-01-31","I've had several headphones before, but none match the quality of LuxeTech Wireless Headphones. Clear sound and comfortable fit.",
"r0zW4oKn","TurboCharge Power Bank","TCPB-010","Sophia Lee","2024-01-31","ArcticBlast Portable Fan is whisper-quiet and provides instant relief on hot summer days.",
"ID","Product Name","Product ID","Reviewer Name","Review Date","Review","Review Sentiment"
"s9xL5cQr","HeatWave Electric Blanket","HWEB-028","Olivia Garcia","2024-02-01","The SnugFit Phone Holder is a must-have for car owners. It keeps my phone secure and easily accessible while driving.",
"t7vN6hYp","SnugFit Phone Holder","SFPH-007","Ryan Scott","2024-02-01","The BrewMaster Cold Brew Maker is a game-changer for my morning routine. Easy to use and makes delicious cold brew coffee.",
"u8hS3jDo","SnugFit Phone Holder","SFPH-007","Liam Thomas","2024-02-01","Another satisfied purchase with the TurboCharge Power Bank. Dependable and fast charging, just what I need for my busy lifestyle.",
"v2gH4kIt","HeatWave Electric Blanket","HWEB-028","Sarah Johnson","2024-02-02","The AquaGlow Smart Water Bottle is genius! It's helped me stay hydrated throughout the day with its handy reminders to drink water.",
"w1jK5bLu","TrueTaste Blender Bottle","TTBB-019","Emily Wilson","2024-02-02","The SoundSoothe White Noise Machine has helped me achieve deeper sleep by masking background noises effectively. Highly recommend it.",
"x0dF9oQw","TrueTaste Blender Bottle","TTBB-019","Emma White","2024-02-02","The AquaGlow Smart Water Bottle has helped me increase my daily water intake significantly. The reminders are very useful.",
"y6sR7wAm","HeatWave Electric Blanket","HWEB-028","Chloe Hall","2024-02-02","CleanSweep Robot Vacuum has made cleaning my home effortless. It navigates around furniture and carpets seamlessly, leaving no dust behind.",
"z4cT8iNv","EnerGym Smart Fitness Band","EGSFB-005","Dylan Walker","2024-02-02","The TurboCharge Power Bank is a reliable backup for keeping my devices charged while on the go. It's compact and holds a lot of power.",
"A3qG5fRp","NovaChill Cooler Bag","NCCB-023","Ava Taylor","2024-02-03","Perfect for picnics and beach days! The NovaChill Cooler Bag keeps drinks and snacks cold for hours.",
"B2vW9uYx","SnugFit Phone Holder","SFPH-007","Ava Martinez","2024-02-03","The ZenAir Aromatherapy Diffuser is a must-have for relaxation. It fills my room with calming scents, helping me unwind after a long day.",
"C7mP1xTz","PowerFlex Resistance Bands","PFRB-015","Ethan Thompson","2024-02-04","AquaFresh Water Filter is a great investment for anyone looking to improve the taste and quality of their tap water.",
"D5fA6tHj","EnerGym Smart Fitness Band","EGSFB-005","Harper Turner","2024-02-04","The GlowGear LED Flashlight is compact yet powerful, making it perfect for outdoor adventures. It's a reliable companion on camping trips.",
"E8iN3dVo","PowerFlex Resistance Bands","PFRB-015","Ava Taylor","2024-02-05","NovaChill Cooler Bag keeps my drinks cold during picnics and beach trips. Spacious and durable, it's a must-have for outdoor enthusiasts.",
"F1hM7gCk","PowerFlex Resistance Bands","PFRB-015","Isabella Rodriguez","2024-02-05","FlexiTrack Exercise Mat provides excellent cushioning for my workouts and stays in place on the floor.",
"G9lF2bVr","HeatWave Electric Blanket","HWEB-028","Daniel Brown","2024-02-06","Finally, I'm getting quality sleep thanks to this memory foam pillow. It provides excellent support for my neck and shoulders.",
"H6tZ4oIn","HeatWave Electric Blanket","HWEB-028","Ethan Wilson","2024-02-06","Used the BlazePro Portable Grill for a camping trip last weekend, and it exceeded my expectations. Cooks evenly and is easy to transport.",
"I4qW5eYb","SnugFit Phone Holder","SFPH-007","Sophia Lee","2024-02-07","Had an amazing camping trip thanks to the SummitPeak Camping Tent. Spacious, easy to set up, and kept us dry during a rainy night.",
"J7rU3iKm","TurboCharge Power Bank","TCPB-010","Zoe Phillips","2024-02-07","I've been sleeping much better since using the SleepEase Memory Foam Pillow. It provides excellent support and alleviates neck pain.",
"K2yG8rQc","TrueTaste Blender Bottle","TTBB-019","Sarah Johnson","2024-02-08","The AquaGlow Smart Water Bottle is a game-changer for keeping track of my hydration. Love the sleek design and easy-to-use features.",
"L0zB6dFv","TrueTaste Blender Bottle","TTBB-019","Harper Turner","2024-02-08","SleepSound Sleep Mask blocks out light effectively for a restful sleep. Comfortable to wear and doesn't press against my eyes.",
"M9cN1oXj","SnugFit Phone Holder","SFPH-007","Ryan Scott","2024-02-08","BioFresh Organic Soap leaves my skin feeling clean and moisturized without any harsh chemicals.",
"N7wL5fTm","SnugFit Phone Holder","SFPH-007","Emily Wong","2024-02-09","Still loving my FlexiFit Adjustable Desk! It's been a few months and it's holding up great. Perfect for my work-from-home setup.",
"O3kS6gPz","NovaChill Cooler Bag","NCCB-023","Jacob Hernandez","2024-02-10","The SoundSoothe White Noise Machine helps me sleep soundly through the night by masking unwanted noises. Highly recommend for light sleepers.",
"P8rQ4fLx","SnugFit Phone Holder","SFPH-007","David Miller","2024-02-10","I can't imagine driving without the SnugFit Phone Holder now. It keeps my phone secure and easily accessible while I'm on the road.",
"Q1uA7dVm","HeatWave Electric Blanket","HWEB-028","Jacob Hernandez","2024-02-10","SleepEase Memory Foam Pillow provides the perfect balance of support and comfort for a good night's sleep.",
"R5vE9hBs","PowerFlex Resistance Bands","PFRB-015","Harper Turner","2024-02-11","Finally, I can sleep without being disturbed by light! The SleepSound Sleep Mask is comfortable and blocks out all light.",
"S0lJ2bZr","EnerGym Smart Fitness Band","EGSFB-005","Chloe Hall","2024-02-12","The FlexiBeam Desk Lamp is stylish and functional. I love the adjustable brightness settings, perfect for late-night work sessions.",
"T9mC3sYv","SnugFit Phone Holder","SFPH-007","Harper Turner","2024-02-12","The ZenAir Aromatherapy Diffuser creates a relaxing atmosphere in my home. The scent is subtle yet effective in reducing stress.",
"U7qG4fRx","TurboCharge Power Bank","TCPB-010","Ava Martinez","2024-02-13","The FlexiBeam Desk Lamp is stylish and functional. Its adjustable brightness levels make it perfect for both work and relaxation.",
"V6zD8oVn","NovaChill Cooler Bag","NCCB-023","Ava Martinez","2024-02-14","I love coming home to clean floors thanks to the CleanSweep Robot Vacuum. It navigates well around furniture and picks up even the tiniest debris.",
"W0iA9sLk","EnerGym Smart Fitness Band","EGSFB-005","Mia Nguyen","2024-02-14","These resistance bands are versatile and effective for home workouts. Love the different resistance levels included in the set.",
"X3tZ5ePc","TurboCharge Power Bank","TCPB-010","Ethan Thompson","2024-02-14","The SleepSound Sleep Mask blocks out light effectively, allowing me to sleep deeply even during daylight hours. It's comfortable to wear.",
"Y8fR6wNm","SnugFit Phone Holder","SFPH-007","Emily Wilson","2024-02-14","Using EcoCycle Reusable Straws has helped me reduce my plastic waste significantly. They're durable and easy to clean.",
"Z5pT2uJo","TrueTaste Blender Bottle","TTBB-019","Benjamin Kim","2024-02-15","The GlowGear LED Flashlight is bright and reliable. Perfect for camping trips or emergencies.",
"a9kX7hGi","NovaChill Cooler Bag","NCCB-023","Benjamin Kim","2024-02-15","Needed a reliable flashlight for hiking and the GlowGear LED Flashlight didn't disappoint. Bright and durable, perfect for outdoor adventures.",
"b3rY1fSx","EnerGym Smart Fitness Band","EGSFB-005","Ryan Scott","2024-02-15","BrewMaster Cold Brew Maker is easy to use and clean. Produces smooth and flavorful cold brew coffee every time",
"c2oM5eBz","HeatWave Electric Blanket","HWEB-028","Ethan Thompson","2024-02-15","The SummitPeak Camping Tent is easy to set up and offers great weather protection. It's spacious enough for a comfortable camping experience.",
"d7lH9iRy","EnerGym Smart Fitness Band","EGSFB-005","Chloe Hall","2024-02-16","Loving the FlexiBeam Desk Lamp on my study desk. Adjustable brightness levels are great for late-night study sessions.",
"e4sL3fUj","EnerGym Smart Fitness Band","EGSFB-005","Benjamin Kim","2024-02-16","I love how compact and powerful the ArcticBlast Portable Fan is. It's been keeping me cool during hot summer days without fail.",
"f0cW6gKx","EnerGym Smart Fitness Band","EGSFB-005","Sarah Johnson","2024-02-16","AeroSwift Running Shoes are comfortable and provide excellent support for my workouts.",
"g9uV4hBm","SnugFit Phone Holder","SFPH-007","Emily Thompson","2024-02-16","The BrewMaster Cold Brew Maker is simple to use and makes delicious cold brew coffee. Highly recommended for coffee enthusiasts.",
"h5jF8iQl","TrueTaste Blender Bottle","TTBB-019","Ethan Wilson","2024-02-18","Perfect for outdoor BBQs! The BlazePro Portable Grill is compact yet powerful, cooks evenly, and is easy to clean.",
"i2nZ1dVm","TrueTaste Blender Bottle","TTBB-019","Ethan Thompson","2024-02-18","With the AquaFresh Water Filter, I no longer need to buy bottled water. It delivers clean and refreshing water right from my tap.",
"j1kM7tWo","EnerGym Smart Fitness Band","EGSFB-005","Ethan Thompson","2024-02-18","This EnerGym Smart Fitness Band is incredible! It accurately tracks my workouts and motivates me to achieve my fitness goals.",
"k4bH2pKc","NovaChill Cooler Bag","NCCB-023","Michael Smith","2024-02-19","The AquaGlow Smart Water Bottle helps me stay hydrated throughout the day. Love the LED feature indicating my water intake.",
"l7yQ8rFn","EnerGym Smart Fitness Band","EGSFB-005","Liam Thomas","2024-02-19","With the CleanSweep Robot Vacuum, cleaning has become hassle-free. It navigates around furniture effortlessly and keeps my floors spotless.",
"m9zN6wTl","TrueTaste Blender Bottle","TTBB-019","Lucas Hall","2024-02-19","I recently used the SummitPeak Camping Tent on a trip, and it held up amazingly well against rain and wind. Spacious and easy to set up.",
"n3cS4tVo","NovaChill Cooler Bag","NCCB-023","Lucas Hall","2024-02-19","I'm impressed by the performance of the BlazePro Portable Grill. It's compact yet powerful, perfect for outdoor grilling adventures.",
"o6wE1sNm","EnerGym Smart Fitness Band","EGSFB-005","Emily Wilson","2024-02-21","These LuxeTech Wireless Headphones are my new favorite accessory. They provide crisp sound quality and are comfortable to wear for long periods.",
"p0xJ9uFc","EnerGym Smart Fitness Band","EGSFB-005","Daniel Brown","2024-02-21","The GlowGear LED Flashlight is a reliable tool for camping and emergencies. It's compact, bright, and has a long battery life.",
"q2rD7fVx","SnugFit Phone Holder","SFPH-007","Sarah Johnson","2024-02-22","SwiftSip Travel Mug keeps my beverages at the perfect temperature for hours. Its spill-proof design makes it ideal for on-the-go use.",
"r5tL4qSm","SnugFit Phone Holder","SFPH-007","Lily Adams","2024-02-22","EcoCycle Reusable Straws are convenient and help reduce plastic waste.",
"s8fP0zKi","SnugFit Phone Holder","SFPH-007","Mia Nguyen","2024-02-23","Still using my PowerFlex Resistance Bands regularly. They've held up well and provide a wide range of resistance for different exercises.",
"t1mG9xHo","TrueTaste Blender Bottle","TTBB-019","Lucas Hall","2024-02-23","The SwiftSip Travel Mug is my daily companion for commuting. Keeps my coffee hot and spill-free, highly recommended.",
"u7aR5yWp","SnugFit Phone Holder","SFPH-007","Chloe Hall","2024-02-24","I love the convenience of the AquaCleanse Water Purifier. It ensures I always have access to clean and great-tasting water at home.",
"v2jT4iXn","PowerFlex Resistance Bands","PFRB-015","Ethan Cooper","2024-02-25","The FlexiFit Adjustable Desk has made working from home much more comfortable. It's sturdy and easy to adjust to the perfect height.",
"w9oB6qGm","TurboCharge Power Bank","TCPB-010","Ethan Thompson","2024-02-25","PowerFlex Resistance Bands are durable and provide a wide range of resistance for my workouts.",
"x6qY9rDp","NovaChill Cooler Bag","NCCB-023","Dylan Walker","2024-02-27","AeroSwift Running Shoes provide the perfect balance of support and flexibility. Comfortable for long runs and stylish too.",
"y3lF5zVo","NovaChill Cooler Bag","NCCB-023","Michael Smith","2024-02-27","These AeroSwift Running Shoes are comfortable and provide excellent support. They've become my go-to shoes for workouts and runs.",
"z8dG1xJm","PowerFlex Resistance Bands","PFRB-015","Ava Martinez","2024-02-28","The CleanSweep Robot Vacuum has made my life so much easier. It's a relief to come home to clean floors without lifting a finger.",
"A1rV7oSk","TurboCharge Power Bank","TCPB-010","Mia Nguyen","2024-02-28","The TurboCharge Power Bank is a lifesaver when I'm on the go. It charges my devices quickly and has a long-lasting battery life.",
"B5hM4nQo","TrueTaste Blender Bottle","TTBB-019","Olivia Garcia","2024-02-28","The EnerGym Smart Fitness Band is intuitive and helps me stay accountable to my fitness goals.",
"C9iU8sLp","TrueTaste Blender Bottle","TTBB-019","Benjamin Kim","2024-02-29","ZenAir Aromatherapy Diffuser has transformed my home into a calming oasis.",
